window_id,window_end_time,avg_power,max_power,reconstruction_error,threshold,rule_candidate,lstm_confirmed
1,2026-04-20 22:30:52,123.78,123.78,0.0006852727383375168,1.3001051247119904,0,0
2,2026-04-20 22:30:57,123.78,123.78,0.0006852727383375168,1.3001051247119904,0,0
3,2026-04-20 22:31:02,123.78,123.78,0.0006852727383375168,1.3001051247119904,0,0
4,2026-04-20 22:31:07,123.78,123.78,0.0006852727383375168,1.3001051247119904,0,0
5,2026-04-20 22:31:12,123.78,123.78,0.0006852727383375168,1.3001051247119904,0,0
6,2026-04-20 22:31:17,123.78,123.78,0.0006852727383375168,1.3001051247119904,0,0
7,2026-04-20 22:31:22,123.78,123.78,0.0006852727383375168,1.3001051247119904,0,0
8,2026-04-20 22:31:27,123.78,123.78,0.0006852727383375168,1.3001051247119904,0,0
9,2026-04-20 22:31:32,123.78,123.78,0.0006852727383375168,1.3001051247119904,0,0
10,2026-04-20 22:31:37,123.78,123.78,0.0006852727383375168,1.3001051247119904,0,0
11,2026-04-20 22:31:42,123.78,123.78,0.0006852727383375168,1.3001051247119904,0,0
12,2026-04-20 22:31:47,123.78,123.78,0.0006852727383375168,1.3001051247119904,0,0
13,2026-04-20 22:31:52,123.78,123.78,0.0006852727383375168,1.3001051247119904,0,0
14,2026-04-20 22:31:58,123.78,123.78,0.0006852727383375168,1.3001051247119904,0,0
15,2026-04-20 22:32:03,123.78,123.78,0.0006852727383375168,1.3001051247119904,0,0
16,2026-04-20 22:32:08,123.78,123.78,0.0006852727383375168,1.3001051247119904,0,0
17,2026-04-20 22:32:13,123.78,123.78,0.0006852727383375168,1.3001051247119904,0,0
18,2026-04-20 22:32:18,123.78,123.78,0.0006852727383375168,1.3001051247119904,0,0
19,2026-04-20 22:32:23,123.78,123.78,0.0006852727383375168,1.3001051247119904,0,0
20,2026-04-20 22:32:28,123.78,123.78,0.0006852727383375168,1.3001051247119904,0,0
21,2026-04-20 22:32:33,123.78,123.78,0.0006852727383375168,1.3001051247119904,0,0
22,2026-04-20 22:32:38,123.78,123.78,0.0006852727383375168,1.3001051247119904,0,0
23,2026-04-20 22:32:43,123.78,123.78,0.0006852727383375168,1.3001051247119904,0,0
24,2026-04-20 22:32:48,123.78,123.78,0.0006852727383375168,1.3001051247119904,0,0
25,2026-04-20 22:32:53,123.78,123.78,0.0006852727383375168,1.3001051247119904,0,0
26,2026-04-20 22:32:58,123.78,123.78,0.0006852727383375168,1.3001051247119904,0,0
27,2026-04-20 22:33:04,123.78,123.78,0.0006852727383375168,1.3001051247119904,0,0
28,2026-04-20 22:33:09,123.78,123.78,0.0006852727383375168,1.3001051247119904,0,0
29,2026-04-20 22:33:14,123.78,123.78,0.0006852727383375168,1.3001051247119904,0,0
30,2026-04-20 22:33:19,123.78,123.78,0.0006852727383375168,1.3001051247119904,0,0
31,2026-04-20 22:33:24,123.78,123.78,0.0006852727383375168,1.3001051247119904,0,0
32,2026-04-20 22:33:29,123.78,123.78,0.0006852727383375168,1.3001051247119904,0,0
33,2026-04-20 22:33:34,123.78,123.78,0.0006852727383375168,1.3001051247119904,0,0
34,2026-04-20 22:33:39,123.78,123.78,0.0006852727383375168,1.3001051247119904,0,0
35,2026-04-20 22:33:44,123.78,123.78,0.0006852727383375168,1.3001051247119904,0,0
36,2026-04-20 22:33:49,123.78,123.78,0.0006852727383375168,1.3001051247119904,0,0
37,2026-04-20 22:33:54,123.78,123.78,0.0006852727383375168,1.3001051247119904,0,0
38,2026-04-20 22:33:59,123.78,123.78,0.0006852727383375168,1.3001051247119904,0,0
39,2026-04-20 22:34:04,123.78,123.78,0.0006852727383375168,1.3001051247119904,0,0
40,2026-04-20 22:34:10,123.78,123.78,0.0006852727383375168,1.3001051247119904,0,0
41,2026-04-20 22:34:15,123.78,123.78,0.0006852727383375168,1.3001051247119904,0,0
42,2026-04-20 22:34:20,123.78,123.78,0.0006852727383375168,1.3001051247119904,0,0
43,2026-04-20 22:34:25,123.78,123.78,0.0006852727383375168,1.3001051247119904,0,0
44,2026-04-20 22:34:30,123.78,123.78,0.0006852727383375168,1.3001051247119904,0,0
45,2026-04-20 22:34:35,123.78,123.78,0.0006852727383375168,1.3001051247119904,0,0
46,2026-04-20 22:34:40,123.78,123.78,0.0006852727383375168,1.3001051247119904,0,0
47,2026-04-20 22:34:45,123.78,123.78,0.0006852727383375168,1.3001051247119904,0,0
48,2026-04-20 22:34:50,123.78,123.78,0.0006852727383375168,1.3001051247119904,0,0
49,2026-04-20 22:34:55,123.78,123.78,0.0006852727383375168,1.3001051247119904,0,0
50,2026-04-20 22:35:00,123.78,123.78,0.0006852727383375168,1.3001051247119904,0,0
51,2026-04-20 22:35:05,123.78,123.78,0.0006852727383375168,1.3001051247119904,0,0
52,2026-04-20 22:35:10,123.78,123.78,0.0006852727383375168,1.3001051247119904,0,0
53,2026-04-20 22:35:16,123.78,123.78,0.0006852727383375168,1.3001051247119904,0,0
54,2026-04-20 22:35:21,123.78,123.78,0.0006852727383375168,1.3001051247119904,0,0
55,2026-04-20 22:35:26,123.78,123.78,0.0006852727383375168,1.3001051247119904,0,0
56,2026-04-20 22:35:31,123.78,123.78,0.0006852727383375168,1.3001051247119904,0,0
57,2026-04-20 22:35:36,123.78,123.78,0.0006852727383375168,1.3001051247119904,0,0
58,2026-04-20 22:35:41,123.78,123.78,0.0006852727383375168,1.3001051247119904,0,0
59,2026-04-20 22:35:46,123.78,123.78,0.0006852727383375168,1.3001051247119904,0,0
60,2026-04-20 22:35:51,123.78,123.78,0.0006852727383375168,1.3001051247119904,0,0
61,2026-04-20 22:35:56,123.78,123.78,0.0006852727383375168,1.3001051247119904,0,0
62,2026-04-20 22:36:01,123.78,123.78,0.0006852727383375168,1.3001051247119904,0,0
63,2026-04-20 22:36:06,123.78,123.78,0.0006852727383375168,1.3001051247119904,0,0
64,2026-04-20 22:36:11,123.78,123.78,0.0006852727383375168,1.3001051247119904,0,0
65,2026-04-20 22:36:17,123.78,123.78,0.0006852727383375168,1.3001051247119904,0,0
66,2026-04-20 22:36:22,123.78,123.78,0.0006852727383375168,1.3001051247119904,0,0
67,2026-04-20 22:36:27,123.78,123.78,0.0006852727383375168,1.3001051247119904,0,0
68,2026-04-20 22:36:32,123.78,123.78,0.0006852727383375168,1.3001051247119904,0,0
69,2026-04-20 22:36:37,123.78,123.78,0.0006852727383375168,1.3001051247119904,0,0
70,2026-04-20 22:36:42,123.78,123.78,0.0006852727383375168,1.3001051247119904,0,0
71,2026-04-20 22:36:47,123.78,123.78,0.0006852727383375168,1.3001051247119904,0,0
72,2026-04-20 22:36:52,123.78,123.78,0.0006852727383375168,1.3001051247119904,0,0
73,2026-04-20 22:36:57,123.78,123.78,0.0006852727383375168,1.3001051247119904,0,0
74,2026-04-20 22:37:02,123.78,123.78,0.0006852727383375168,1.3001051247119904,0,0
75,2026-04-20 22:37:07,123.78,123.78,0.0006852727383375168,1.3001051247119904,0,0
76,2026-04-20 22:37:12,123.78,123.78,0.0006852727383375168,1.3001051247119904,0,0
77,2026-04-20 22:37:18,123.78,123.78,0.0006852727383375168,1.3001051247119904,0,0
78,2026-04-20 22:37:23,123.78,123.78,0.0006852727383375168,1.3001051247119904,0,0
79,2026-04-20 22:37:28,123.78,123.78,0.0006852727383375168,1.3001051247119904,0,0
80,2026-04-20 22:37:33,123.78,123.78,0.0006852727383375168,1.3001051247119904,0,0
81,2026-04-20 22:37:38,123.78,123.78,0.0006852727383375168,1.3001051247119904,0,0
82,2026-04-20 22:37:43,123.78,123.78,0.0006852727383375168,1.3001051247119904,0,0
83,2026-04-20 22:37:48,123.78,123.78,0.0006852727383375168,1.3001051247119904,0,0
84,2026-04-20 22:37:53,123.78,123.78,0.0006852727383375168,1.3001051247119904,0,0
85,2026-04-20 22:37:58,123.78,123.78,0.0006852727383375168,1.3001051247119904,0,0
86,2026-04-20 22:38:03,123.78,123.78,0.0006852727383375168,1.3001051247119904,0,0
87,2026-04-20 22:38:08,123.78,123.78,0.0006852727383375168,1.3001051247119904,0,0
88,2026-04-20 22:38:13,123.78,123.78,0.0006852727383375168,1.3001051247119904,0,0
89,2026-04-20 22:38:19,123.78,123.78,0.0006852727383375168,1.3001051247119904,0,0
90,2026-04-20 22:38:24,123.78,123.78,0.0006852727383375168,1.3001051247119904,0,0
91,2026-04-20 22:38:29,123.78,123.78,0.0006852727383375168,1.3001051247119904,0,0
92,2026-04-20 22:38:34,123.78,123.78,0.0006852727383375168,1.3001051247119904,0,0
93,2026-04-20 22:38:39,123.78,123.78,0.0006852727383375168,1.3001051247119904,0,0
94,2026-04-20 22:38:44,123.78,123.78,0.0006852727383375168,1.3001051247119904,0,0
95,2026-04-20 22:38:49,123.78,123.78,0.0006852727383375168,1.3001051247119904,0,0
96,2026-04-20 22:38:54,123.78,123.78,0.0006852727383375168,1.3001051247119904,0,0
97,2026-04-20 22:38:59,123.78,123.78,0.0006852727383375168,1.3001051247119904,0,0
98,2026-04-20 22:39:04,123.78,123.78,0.0006852727383375168,1.3001051247119904,0,0
99,2026-04-20 22:39:09,123.78,123.78,0.0006852727383375168,1.3001051247119904,0,0
100,2026-04-20 22:39:15,123.78,123.78,0.0006852727383375168,1.3001051247119904,0,0
101,2026-04-20 22:39:20,123.78,123.78,0.0006852727383375168,1.3001051247119904,0,0
102,2026-04-20 22:39:25,123.78,123.78,0.0006852727383375168,1.3001051247119904,0,0
103,2026-04-20 22:39:30,123.78,123.78,0.0006852727383375168,1.3001051247119904,0,0
104,2026-04-20 22:39:35,123.78,123.78,0.0006852727383375168,1.3001051247119904,0,0
105,2026-04-20 22:39:40,123.78,123.78,0.0006852727383375168,1.3001051247119904,0,0
106,2026-04-20 22:39:45,123.78,123.78,0.0006852727383375168,1.3001051247119904,0,0
107,2026-04-20 22:39:50,123.78,123.78,0.0006852727383375168,1.3001051247119904,0,0
108,2026-04-20 22:39:55,123.78,123.78,0.0006852727383375168,1.3001051247119904,0,0
109,2026-04-20 22:40:00,123.78,123.78,0.0006852727383375168,1.3001051247119904,0,0
110,2026-04-20 22:40:05,123.78,123.78,0.0006852727383375168,1.3001051247119904,0,0
111,2026-04-20 22:40:10,123.78,123.78,0.0006852727383375168,1.3001051247119904,0,0
112,2026-04-20 22:40:15,123.78,123.78,0.0006852727383375168,1.3001051247119904,0,0
113,2026-04-20 22:40:20,123.78,123.78,0.0006852727383375168,1.3001051247119904,0,0
114,2026-04-20 22:40:25,123.78,123.78,0.0006852727383375168,1.3001051247119904,0,0
115,2026-04-20 22:40:31,123.78,123.78,0.0006852727383375168,1.3001051247119904,0,0
116,2026-04-20 22:40:36,123.78,123.78,0.0006852727383375168,1.3001051247119904,0,0
117,2026-04-20 22:40:41,123.78,123.78,0.0006852727383375168,1.3001051247119904,0,0
118,2026-04-20 22:40:46,123.78,123.78,0.0006852727383375168,1.3001051247119904,0,0
119,2026-04-20 22:40:51,123.78,123.78,0.0006852727383375168,1.3001051247119904,0,0
120,2026-04-20 22:40:56,123.78,123.78,0.0006852727383375168,1.3001051247119904,0,0
121,2026-04-20 22:41:01,123.78,123.78,0.0006852727383375168,1.3001051247119904,0,0
122,2026-04-20 22:41:06,123.78,123.78,0.0006852727383375168,1.3001051247119904,0,0
123,2026-04-20 22:41:11,123.78,123.78,0.0006852727383375168,1.3001051247119904,0,0
124,2026-04-20 22:41:16,123.78,123.78,0.0006852727383375168,1.3001051247119904,0,0
125,2026-04-20 22:41:21,123.78,123.78,0.0006852727383375168,1.3001051247119904,0,0
126,2026-04-20 22:41:26,123.78,123.78,0.0006852727383375168,1.3001051247119904,0,0
127,2026-04-20 22:41:31,123.78,123.78,0.0006852727383375168,1.3001051247119904,0,0
128,2026-04-20 22:41:36,123.78,123.78,0.0006852727383375168,1.3001051247119904,0,0
129,2026-04-20 22:41:42,123.78,123.78,0.0006852727383375168,1.3001051247119904,0,0
130,2026-04-20 22:41:47,123.78,123.78,0.0006852727383375168,1.3001051247119904,0,0
131,2026-04-20 22:41:52,123.78,123.78,0.0006852727383375168,1.3001051247119904,0,0
132,2026-04-20 22:41:57,123.78,123.78,0.0006852727383375168,1.3001051247119904,0,0
133,2026-04-20 22:42:02,123.78,123.78,0.0006852727383375168,1.3001051247119904,0,0
134,2026-04-20 22:42:07,123.78,123.78,0.0006852727383375168,1.3001051247119904,0,0
135,2026-04-20 22:42:12,123.78,123.78,0.0006852727383375168,1.3001051247119904,0,0
136,2026-04-20 22:42:17,123.78,123.78,0.0006852727383375168,1.3001051247119904,0,0
137,2026-04-20 22:42:22,123.78,123.78,0.0006852727383375168,1.3001051247119904,0,0
138,2026-04-20 22:42:27,123.78,123.78,0.0006852727383375168,1.3001051247119904,0,0
139,2026-04-20 22:42:32,123.78,123.78,0.0006852727383375168,1.3001051247119904,0,0
140,2026-04-20 22:42:37,123.78,123.78,0.0006852727383375168,1.3001051247119904,0,0
141,2026-04-20 22:42:42,123.78,123.78,0.0006852727383375168,1.3001051247119904,0,0
142,2026-04-20 22:42:48,123.78,123.78,0.0006852727383375168,1.3001051247119904,0,0
143,2026-04-20 22:42:53,123.78,123.78,0.0006852727383375168,1.3001051247119904,0,0
144,2026-04-20 22:42:58,123.78,123.78,0.0006852727383375168,1.3001051247119904,0,0
145,2026-04-20 22:43:03,123.78,123.78,0.0006852727383375168,1.3001051247119904,0,0
146,2026-04-20 22:43:08,123.78,123.78,0.0006852727383375168,1.3001051247119904,0,0
147,2026-04-20 22:43:13,123.78,123.78,0.0006852727383375168,1.3001051247119904,0,0
148,2026-04-20 22:43:18,123.78,123.78,0.0006852727383375168,1.3001051247119904,0,0
149,2026-04-20 22:43:23,123.78,123.78,0.0006852727383375168,1.3001051247119904,0,0
150,2026-04-20 22:43:28,123.78,123.78,0.0006852727383375168,1.3001051247119904,0,0
151,2026-04-20 22:43:33,123.78,123.78,0.0006852727383375168,1.3001051247119904,0,0
152,2026-04-20 22:43:38,123.78,123.78,0.0006852727383375168,1.3001051247119904,0,0
153,2026-04-20 22:43:43,123.78,123.78,0.0006852727383375168,1.3001051247119904,0,0
154,2026-04-20 22:43:49,123.78,123.78,0.0006852727383375168,1.3001051247119904,0,0
155,2026-04-20 22:43:54,123.78,123.78,0.0006852727383375168,1.3001051247119904,0,0
156,2026-04-20 22:43:59,123.78,123.78,0.0006852727383375168,1.3001051247119904,0,0
157,2026-04-20 22:44:04,123.78,123.78,0.0006852727383375168,1.3001051247119904,0,0
158,2026-04-20 22:44:09,123.78,123.78,0.0006852727383375168,1.3001051247119904,0,0
159,2026-04-20 22:44:14,123.78,123.78,0.0006852727383375168,1.3001051247119904,0,0
160,2026-04-20 22:45:52,123.78,123.78,0.0006852727383375168,1.3001051247119904,0,0
161,2026-04-20 22:45:57,123.78,123.78,0.0006852727383375168,1.3001051247119904,0,0
162,2026-04-20 22:46:02,123.78,123.78,0.0006852727383375168,1.3001051247119904,0,0
163,2026-04-20 22:46:07,123.78,123.78,0.0006852727383375168,1.3001051247119904,0,0
164,2026-04-20 22:46:12,123.78,123.78,0.0006852727383375168,1.3001051247119904,0,0
165,2026-04-20 23:02:38,123.96399999999998,125.62,0.0036468158941715956,1.3001051247119904,0,0
166,2026-04-20 23:02:43,124.521,129.35,0.1279383897781372,1.3001051247119904,0,0
167,2026-04-20 23:02:48,124.40900000000002,129.35,0.24486730992794037,1.3001051247119904,0,0
168,2026-04-20 23:02:53,124.81099999999999,129.35,0.23819760978221893,1.3001051247119904,0,0
169,2026-04-20 23:02:58,125.298,129.35,0.30221736431121826,1.3001051247119904,0,0
170,2026-04-20 23:03:03,124.519,129.35,0.6069101691246033,1.3001051247119904,0,0
171,2026-04-20 23:03:09,124.551,129.35,0.7543548941612244,1.3001051247119904,0,0
172,2026-04-20 23:03:14,123.46499999999999,129.35,0.8748055100440979,1.3001051247119904,0,0
173,2026-04-20 23:03:19,122.36699999999999,129.35,1.0353974103927612,1.3001051247119904,0,0
174,2026-04-20 23:03:24,122.68699999999998,129.35,1.1611557006835938,1.3001051247119904,0,0
175,2026-04-20 23:03:29,122.301,129.35,1.2978991270065308,1.3001051247119904,0,0
176,2026-04-20 23:03:34,120.96799999999999,128.65,1.2558542490005493,1.3001051247119904,0,0
177,2026-04-20 23:03:39,119.98599999999999,128.65,1.2700855731964111,1.3001051247119904,0,0
178,2026-04-20 23:03:44,119.45899999999999,128.65,1.3647056818008423,1.3001051247119904,0,0
179,2026-04-20 23:03:49,118.751,126.98,1.2129160165786743,1.3001051247119904,0,0
180,2026-04-20 23:03:54,118.431,126.98,0.9134268164634705,1.3001051247119904,0,0
181,2026-04-20 23:03:59,118.83,128.09,0.9516744017601013,1.3001051247119904,0,0
182,2026-04-20 23:04:05,119.39399999999998,128.09,0.775384247303009,1.3001051247119904,0,0
183,2026-04-20 23:04:10,120.648,128.09,0.7729331851005554,1.3001051247119904,0,0
184,2026-04-20 23:04:15,119.94000000000001,128.09,0.7207163572311401,1.3001051247119904,0,0
185,2026-04-20 23:04:20,119.248,128.09,0.6842065453529358,1.3001051247119904,0,0
186,2026-04-20 23:04:25,120.21600000000001,128.09,0.763288676738739,1.3001051247119904,0,0
187,2026-04-20 23:04:30,121.21599999999998,128.09,0.6277549266815186,1.3001051247119904,0,0
188,2026-04-20 23:04:35,121.008,128.09,0.6770660877227783,1.3001051247119904,0,0
189,2026-04-20 23:04:40,120.11600000000001,128.09,0.7876225709915161,1.3001051247119904,0,0
190,2026-04-21 05:40:57,121.215,128.09,0.7680726647377014,1.3001051247119904,0,0
191,2026-04-21 06:01:42,120.78399999999999,125.7,0.7070261836051941,1.3001051247119904,0,0
192,2026-04-21 06:01:47,121.306,125.7,0.6527820229530334,1.3001051247119904,0,0
193,2026-04-21 06:01:52,121.15,125.7,0.3922833502292633,1.3001051247119904,0,0
194,2026-04-21 06:01:57,121.53800000000001,125.7,0.33057311177253723,1.3001051247119904,0,0
195,2026-04-21 06:02:02,122.43199999999999,125.7,0.3084530532360077,1.3001051247119904,0,0
196,2026-04-21 06:02:07,122.24000000000001,123.78,0.2507230043411255,1.3001051247119904,0,0
197,2026-04-21 06:02:12,122.33399999999999,123.78,0.2616901099681854,1.3001051247119904,0,0
198,2026-04-21 06:02:17,122.667,123.78,0.11100579053163528,1.3001051247119904,0,0
199,2026-04-21 06:02:22,123.78,123.78,0.0006852727383375168,1.3001051247119904,0,0
200,2026-04-21 06:02:27,123.78,123.78,0.0006852727383375168,1.3001051247119904,0,0
201,2026-04-21 06:02:32,123.78,123.78,0.0006852727383375168,1.3001051247119904,0,0
202,2026-04-21 06:02:38,123.78,123.78,0.0006852727383375168,1.3001051247119904,0,0
203,2026-04-21 06:02:43,123.78,123.78,0.0006852727383375168,1.3001051247119904,0,0
204,2026-04-21 06:02:48,123.78,123.78,0.0006852727383375168,1.3001051247119904,0,0
205,2026-04-21 06:02:53,123.78,123.78,0.0006852727383375168,1.3001051247119904,0,0
206,2026-04-21 06:02:58,123.78,123.78,0.0006852727383375168,1.3001051247119904,0,0
207,2026-04-21 06:03:03,123.78,123.78,0.0006852727383375168,1.3001051247119904,0,0
208,2026-04-21 06:03:08,123.78,123.78,0.0006852727383375168,1.3001051247119904,0,0
209,2026-04-21 06:03:13,123.78,123.78,0.0006852727383375168,1.3001051247119904,0,0
210,2026-04-21 06:03:18,123.78,123.78,0.0006852727383375168,1.3001051247119904,0,0
211,2026-04-21 06:03:23,123.78,123.78,0.0006852727383375168,1.3001051247119904,0,0
212,2026-04-21 06:03:28,123.78,123.78,0.0006852727383375168,1.3001051247119904,0,0
213,2026-04-21 06:03:33,123.78,123.78,0.0006852727383375168,1.3001051247119904,0,0
214,2026-04-21 06:03:39,123.78,123.78,0.0006852727383375168,1.3001051247119904,0,0
215,2026-04-21 06:03:44,123.78,123.78,0.0006852727383375168,1.3001051247119904,0,0
216,2026-04-21 06:03:49,123.78,123.78,0.0006852727383375168,1.3001051247119904,0,0
217,2026-04-21 06:03:54,123.78,123.78,0.0006852727383375168,1.3001051247119904,0,0
218,2026-04-21 06:03:59,123.78,123.78,0.0006852727383375168,1.3001051247119904,0,0
219,2026-04-21 06:04:04,123.78,123.78,0.0006852727383375168,1.3001051247119904,0,0
220,2026-04-21 06:04:09,123.78,123.78,0.0006852727383375168,1.3001051247119904,0,0
221,2026-04-21 06:04:14,123.78,123.78,0.0006852727383375168,1.3001051247119904,0,0
222,2026-04-21 06:04:19,123.78,123.78,0.0006852727383375168,1.3001051247119904,0,0
223,2026-04-21 06:04:24,123.78,123.78,0.0006852727383375168,1.3001051247119904,0,0
224,2026-04-21 06:04:29,123.78,123.78,0.0006852727383375168,1.3001051247119904,0,0
225,2026-04-21 06:04:34,123.78,123.78,0.0006852727383375168,1.3001051247119904,0,0
226,2026-04-21 06:04:40,123.78,123.78,0.0006852727383375168,1.3001051247119904,0,0
227,2026-04-21 06:04:45,123.78,123.78,0.0006852727383375168,1.3001051247119904,0,0
228,2026-04-21 06:04:50,123.78,123.78,0.0006852727383375168,1.3001051247119904,0,0
229,2026-04-21 06:04:55,123.78,123.78,0.0006852727383375168,1.3001051247119904,0,0
230,2026-04-21 06:05:00,123.78,123.78,0.0006852727383375168,1.3001051247119904,0,0
231,2026-04-21 06:05:05,123.78,123.78,0.0006852727383375168,1.3001051247119904,0,0
232,2026-04-21 06:05:10,123.78,123.78,0.0006852727383375168,1.3001051247119904,0,0
233,2026-04-21 06:05:15,123.78,123.78,0.0006852727383375168,1.3001051247119904,0,0
234,2026-04-21 06:05:20,123.78,123.78,0.0006852727383375168,1.3001051247119904,0,0
235,2026-04-21 06:05:25,123.78,123.78,0.0006852727383375168,1.3001051247119904,0,0
236,2026-04-21 06:05:30,123.78,123.78,0.0006852727383375168,1.3001051247119904,0,0
237,2026-04-21 06:05:35,123.78,123.78,0.0006852727383375168,1.3001051247119904,0,0
238,2026-04-21 06:05:41,123.78,123.78,0.0006852727383375168,1.3001051247119904,0,0
239,2026-04-21 06:05:46,123.78,123.78,0.0006852727383375168,1.3001051247119904,0,0
240,2026-04-21 06:05:51,123.78,123.78,0.0006852727383375168,1.3001051247119904,0,0
241,2026-04-21 06:05:56,123.78,123.78,0.0006852727383375168,1.3001051247119904,0,0
242,2026-04-21 06:06:01,123.78,123.78,0.0006852727383375168,1.3001051247119904,0,0
243,2026-04-21 06:06:06,123.78,123.78,0.0006852727383375168,1.3001051247119904,0,0
244,2026-04-21 06:06:11,123.78,123.78,0.0006852727383375168,1.3001051247119904,0,0
245,2026-04-21 06:06:16,123.78,123.78,0.0006852727383375168,1.3001051247119904,0,0
246,2026-04-21 06:06:21,123.78,123.78,0.0006852727383375168,1.3001051247119904,0,0
247,2026-04-21 06:06:26,123.78,123.78,0.0006852727383375168,1.3001051247119904,0,0
248,2026-04-21 06:06:31,123.78,123.78,0.0006852727383375168,1.3001051247119904,0,0
249,2026-04-21 06:06:36,123.78,123.78,0.0006852727383375168,1.3001051247119904,0,0
250,2026-04-21 06:06:41,123.78,123.78,0.0006852727383375168,1.3001051247119904,0,0
251,2026-04-21 06:06:47,123.78,123.78,0.0006852727383375168,1.3001051247119904,0,0
252,2026-04-21 06:06:52,123.78,123.78,0.0006852727383375168,1.3001051247119904,0,0
253,2026-04-21 06:06:57,123.78,123.78,0.0006852727383375168,1.3001051247119904,0,0
254,2026-04-21 06:07:02,123.78,123.78,0.0006852727383375168,1.3001051247119904,0,0
255,2026-04-21 06:07:07,123.78,123.78,0.0006852727383375168,1.3001051247119904,0,0
256,2026-04-21 06:07:12,123.78,123.78,0.0006852727383375168,1.3001051247119904,0,0
257,2026-04-21 06:07:17,123.78,123.78,0.0006852727383375168,1.3001051247119904,0,0
258,2026-04-21 06:07:22,123.78,123.78,0.0006852727383375168,1.3001051247119904,0,0
259,2026-04-21 06:07:27,123.78,123.78,0.0006852727383375168,1.3001051247119904,0,0
260,2026-04-21 06:07:32,123.78,123.78,0.0006852727383375168,1.3001051247119904,0,0
261,2026-04-21 06:07:37,123.78,123.78,0.0006852727383375168,1.3001051247119904,0,0
262,2026-04-21 06:07:42,123.78,123.78,0.0006852727383375168,1.3001051247119904,0,0
263,2026-04-21 06:07:47,123.78,123.78,0.0006852727383375168,1.3001051247119904,0,0
264,2026-04-21 06:07:53,123.78,123.78,0.0006852727383375168,1.3001051247119904,0,0
265,2026-04-21 06:07:58,123.78,123.78,0.0006852727383375168,1.3001051247119904,0,0
266,2026-04-21 06:08:03,123.78,123.78,0.0006852727383375168,1.3001051247119904,0,0
267,2026-04-21 06:08:08,123.78,123.78,0.0006852727383375168,1.3001051247119904,0,0
268,2026-04-21 06:08:13,123.78,123.78,0.0006852727383375168,1.3001051247119904,0,0
269,2026-04-21 06:08:18,123.78,123.78,0.0006852727383375168,1.3001051247119904,0,0
270,2026-04-21 06:08:23,123.78,123.78,0.0006852727383375168,1.3001051247119904,0,0
271,2026-04-21 06:08:28,123.78,123.78,0.0006852727383375168,1.3001051247119904,0,0
272,2026-04-21 06:08:33,123.78,123.78,0.0006852727383375168,1.3001051247119904,0,0
273,2026-04-21 06:08:38,123.78,123.78,0.0006852727383375168,1.3001051247119904,0,0
274,2026-04-21 06:08:43,123.78,123.78,0.0006852727383375168,1.3001051247119904,0,0
275,2026-04-21 06:08:48,123.78,123.78,0.0006852727383375168,1.3001051247119904,0,0
276,2026-04-21 06:08:53,123.78,123.78,0.0006852727383375168,1.3001051247119904,0,0
277,2026-04-21 06:08:58,123.78,123.78,0.0006852727383375168,1.3001051247119904,0,0
278,2026-04-21 06:09:04,123.78,123.78,0.0006852727383375168,1.3001051247119904,0,0
279,2026-04-21 06:09:09,123.78,123.78,0.0006852727383375168,1.3001051247119904,0,0
280,2026-04-21 06:09:14,123.78,123.78,0.0006852727383375168,1.3001051247119904,0,0
281,2026-04-21 06:09:19,123.78,123.78,0.0006852727383375168,1.3001051247119904,0,0
282,2026-04-21 06:09:24,123.78,123.78,0.0006852727383375168,1.3001051247119904,0,0
283,2026-04-21 06:09:29,123.78,123.78,0.0006852727383375168,1.3001051247119904,0,0
284,2026-04-21 06:09:34,123.78,123.78,0.0006852727383375168,1.3001051247119904,0,0
285,2026-04-21 06:09:39,123.78,123.78,0.0006852727383375168,1.3001051247119904,0,0
286,2026-04-21 06:09:44,123.78,123.78,0.0006852727383375168,1.3001051247119904,0,0
287,2026-04-21 06:09:49,123.78,123.78,0.0006852727383375168,1.3001051247119904,0,0
288,2026-04-21 06:09:54,123.78,123.78,0.0006852727383375168,1.3001051247119904,0,0
289,2026-04-21 06:09:59,123.78,123.78,0.0006852727383375168,1.3001051247119904,0,0
290,2026-04-21 06:10:04,123.78,123.78,0.0006852727383375168,1.3001051247119904,0,0
291,2026-04-21 06:10:10,123.78,123.78,0.0006852727383375168,1.3001051247119904,0,0
292,2026-04-21 06:10:15,123.78,123.78,0.0006852727383375168,1.3001051247119904,0,0
293,2026-04-21 06:10:20,123.78,123.78,0.0006852727383375168,1.3001051247119904,0,0
294,2026-04-21 06:10:25,123.78,123.78,0.0006852727383375168,1.3001051247119904,0,0
295,2026-04-21 06:10:30,123.78,123.78,0.0006852727383375168,1.3001051247119904,0,0
296,2026-04-21 06:10:35,123.78,123.78,0.0006852727383375168,1.3001051247119904,0,0
297,2026-04-21 06:10:40,123.78,123.78,0.0006852727383375168,1.3001051247119904,0,0
298,2026-04-21 06:10:45,123.78,123.78,0.0006852727383375168,1.3001051247119904,0,0
299,2026-04-21 06:10:50,123.78,123.78,0.0006852727383375168,1.3001051247119904,0,0
300,2026-04-21 06:10:55,123.78,123.78,0.0006852727383375168,1.3001051247119904,0,0
301,2026-04-21 06:11:00,123.78,123.78,0.0006852727383375168,1.3001051247119904,0,0
302,2026-04-21 06:11:05,123.78,123.78,0.0006852727383375168,1.3001051247119904,0,0
303,2026-04-21 06:11:11,123.78,123.78,0.0006852727383375168,1.3001051247119904,0,0
304,2026-04-21 06:11:16,123.78,123.78,0.0006852727383375168,1.3001051247119904,0,0
305,2026-04-21 06:11:21,123.78,123.78,0.0006852727383375168,1.3001051247119904,0,0
306,2026-04-21 06:11:26,123.78,123.78,0.0006852727383375168,1.3001051247119904,0,0
307,2026-04-21 06:11:31,123.78,123.78,0.0006852727383375168,1.3001051247119904,0,0
308,2026-04-21 06:11:36,123.78,123.78,0.0006852727383375168,1.3001051247119904,0,0
309,2026-04-21 06:11:41,123.78,123.78,0.0006852727383375168,1.3001051247119904,0,0
310,2026-04-21 06:11:46,123.78,123.78,0.0006852727383375168,1.3001051247119904,0,0
311,2026-04-21 06:11:51,123.78,123.78,0.0006852727383375168,1.3001051247119904,0,0
312,2026-04-21 06:11:56,123.78,123.78,0.0006852727383375168,1.3001051247119904,0,0
313,2026-04-21 06:12:01,123.78,123.78,0.0006852727383375168,1.3001051247119904,0,0
314,2026-04-21 06:12:06,123.78,123.78,0.0006852727383375168,1.3001051247119904,0,0
315,2026-04-21 06:12:11,123.78,123.78,0.0006852727383375168,1.3001051247119904,0,0
316,2026-04-21 06:12:17,123.78,123.78,0.0006852727383375168,1.3001051247119904,0,0
317,2026-04-21 06:12:22,123.78,123.78,0.0006852727383375168,1.3001051247119904,0,0
318,2026-04-21 06:12:27,123.78,123.78,0.0006852727383375168,1.3001051247119904,0,0
319,2026-04-21 06:12:32,123.78,123.78,0.0006852727383375168,1.3001051247119904,0,0
320,2026-04-21 06:12:37,123.78,123.78,0.0006852727383375168,1.3001051247119904,0,0
321,2026-04-21 06:12:42,123.78,123.78,0.0006852727383375168,1.3001051247119904,0,0
322,2026-04-21 06:12:51,123.78,123.78,0.0006852727383375168,1.3001051247119904,0,0
323,2026-04-21 06:12:56,123.78,123.78,0.0006852727383375168,1.3001051247119904,0,0
324,2026-04-21 06:13:01,123.78,123.78,0.0006852727383375168,1.3001051247119904,0,0
325,2026-04-21 06:13:06,123.78,123.78,0.0006852727383375168,1.3001051247119904,0,0
326,2026-04-21 06:13:11,123.78,123.78,0.0006852727383375168,1.3001051247119904,0,0
327,2026-04-21 06:13:16,123.78,123.78,0.0006852727383375168,1.3001051247119904,0,0
328,2026-04-21 06:13:21,123.78,123.78,0.0006852727383375168,1.3001051247119904,0,0
329,2026-04-21 06:13:26,123.78,123.78,0.0006852727383375168,1.3001051247119904,0,0
330,2026-04-21 06:13:31,123.78,123.78,0.0006852727383375168,1.3001051247119904,0,0
331,2026-04-21 06:13:36,123.78,123.78,0.0006852727383375168,1.3001051247119904,0,0
332,2026-04-21 06:13:42,123.78,123.78,0.0006852727383375168,1.3001051247119904,0,0
333,2026-04-21 06:13:47,123.78,123.78,0.0006852727383375168,1.3001051247119904,0,0
334,2026-04-21 06:13:52,123.78,123.78,0.0006852727383375168,1.3001051247119904,0,0
335,2026-04-21 06:13:57,123.78,123.78,0.0006852727383375168,1.3001051247119904,0,0
336,2026-04-21 06:14:02,123.78,123.78,0.0006852727383375168,1.3001051247119904,0,0
337,2026-04-21 06:14:07,123.78,123.78,0.0006852727383375168,1.3001051247119904,0,0
338,2026-04-21 06:14:12,123.78,123.78,0.0006852727383375168,1.3001051247119904,0,0
339,2026-04-21 06:14:17,123.78,123.78,0.0006852727383375168,1.3001051247119904,0,0
340,2026-04-21 06:14:22,123.78,123.78,0.0006852727383375168,1.3001051247119904,0,0
341,2026-04-21 06:14:27,123.78,123.78,0.0006852727383375168,1.3001051247119904,0,0
342,2026-04-21 06:14:32,123.78,123.78,0.0006852727383375168,1.3001051247119904,0,0
343,2026-04-21 06:14:37,123.78,123.78,0.0006852727383375168,1.3001051247119904,0,0
344,2026-04-21 06:14:43,123.78,123.78,0.0006852727383375168,1.3001051247119904,0,0
345,2026-04-21 06:14:48,123.78,123.78,0.0006852727383375168,1.3001051247119904,0,0
346,2026-04-21 06:14:53,123.78,123.78,0.0006852727383375168,1.3001051247119904,0,0
347,2026-04-21 06:14:58,123.78,123.78,0.0006852727383375168,1.3001051247119904,0,0
348,2026-04-21 06:15:03,123.78,123.78,0.0006852727383375168,1.3001051247119904,0,0
349,2026-04-21 06:15:08,123.78,123.78,0.0006852727383375168,1.3001051247119904,0,0
350,2026-04-21 06:15:13,123.78,123.78,0.0006852727383375168,1.3001051247119904,0,0
351,2026-04-21 06:15:18,123.78,123.78,0.0006852727383375168,1.3001051247119904,0,0
352,2026-04-21 06:15:23,123.78,123.78,0.0006852727383375168,1.3001051247119904,0,0
353,2026-04-21 06:15:28,123.78,123.78,0.0006852727383375168,1.3001051247119904,0,0
354,2026-04-21 06:15:33,123.78,123.78,0.0006852727383375168,1.3001051247119904,0,0
355,2026-04-21 06:15:38,123.78,123.78,0.0006852727383375168,1.3001051247119904,0,0
356,2026-04-21 06:15:44,123.78,123.78,0.0006852727383375168,1.3001051247119904,0,0
357,2026-04-21 06:15:49,123.78,123.78,0.0006852727383375168,1.3001051247119904,0,0
358,2026-04-21 06:15:54,123.78,123.78,0.0006852727383375168,1.3001051247119904,0,0
359,2026-04-21 06:15:59,123.78,123.78,0.0006852727383375168,1.3001051247119904,0,0
360,2026-04-21 06:16:04,123.78,123.78,0.0006852727383375168,1.3001051247119904,0,0
361,2026-04-21 06:16:09,123.78,123.78,0.0006852727383375168,1.3001051247119904,0,0
362,2026-04-21 06:16:14,123.78,123.78,0.0006852727383375168,1.3001051247119904,0,0
363,2026-04-21 06:16:19,123.78,123.78,0.0006852727383375168,1.3001051247119904,0,0
364,2026-04-21 06:16:24,123.78,123.78,0.0006852727383375168,1.3001051247119904,0,0
365,2026-04-21 06:16:29,123.78,123.78,0.0006852727383375168,1.3001051247119904,0,0
366,2026-04-21 06:16:34,123.78,123.78,0.0006852727383375168,1.3001051247119904,0,0
367,2026-04-21 06:16:39,123.78,123.78,0.0006852727383375168,1.3001051247119904,0,0
368,2026-04-21 06:16:45,123.78,123.78,0.0006852727383375168,1.3001051247119904,0,0
369,2026-04-21 06:16:50,123.78,123.78,0.0006852727383375168,1.3001051247119904,0,0
370,2026-04-21 06:16:55,123.78,123.78,0.0006852727383375168,1.3001051247119904,0,0
371,2026-04-21 06:17:00,123.78,123.78,0.0006852727383375168,1.3001051247119904,0,0
372,2026-04-21 06:17:05,123.78,123.78,0.0006852727383375168,1.3001051247119904,0,0
373,2026-04-21 06:17:10,123.78,123.78,0.0006852727383375168,1.3001051247119904,0,0
374,2026-04-21 06:17:15,123.78,123.78,0.0006852727383375168,1.3001051247119904,0,0
375,2026-04-21 06:17:20,123.78,123.78,0.0006852727383375168,1.3001051247119904,0,0
376,2026-04-21 06:17:25,123.78,123.78,0.0006852727383375168,1.3001051247119904,0,0
377,2026-04-21 06:17:30,123.78,123.78,0.0006852727383375168,1.3001051247119904,0,0
378,2026-04-21 06:17:35,123.78,123.78,0.0006852727383375168,1.3001051247119904,0,0
379,2026-04-21 06:17:40,123.78,123.78,0.0006852727383375168,1.3001051247119904,0,0
380,2026-04-21 06:17:46,123.78,123.78,0.0006852727383375168,1.3001051247119904,0,0
381,2026-04-21 06:17:51,123.78,123.78,0.0006852727383375168,1.3001051247119904,0,0
382,2026-04-21 06:17:56,123.78,123.78,0.0006852727383375168,1.3001051247119904,0,0
383,2026-04-21 06:18:01,123.78,123.78,0.0006852727383375168,1.3001051247119904,0,0
384,2026-04-21 06:18:06,123.78,123.78,0.0006852727383375168,1.3001051247119904,0,0
385,2026-04-21 06:18:11,123.78,123.78,0.0006852727383375168,1.3001051247119904,0,0
386,2026-04-21 06:18:16,123.78,123.78,0.0006852727383375168,1.3001051247119904,0,0
387,2026-04-21 06:18:21,123.78,123.78,0.0006852727383375168,1.3001051247119904,0,0
388,2026-04-21 06:18:26,123.78,123.78,0.0006852727383375168,1.3001051247119904,0,0
389,2026-04-21 06:18:31,123.78,123.78,0.0006852727383375168,1.3001051247119904,0,0
390,2026-04-21 06:18:36,123.78,123.78,0.0006852727383375168,1.3001051247119904,0,0
391,2026-04-21 06:18:41,123.78,123.78,0.0006852727383375168,1.3001051247119904,0,0
392,2026-04-21 06:18:46,123.78,123.78,0.0006852727383375168,1.3001051247119904,0,0
393,2026-04-21 06:18:52,123.78,123.78,0.0006852727383375168,1.3001051247119904,0,0
394,2026-04-21 06:18:57,123.78,123.78,0.0006852727383375168,1.3001051247119904,0,0
395,2026-04-21 06:19:02,123.78,123.78,0.0006852727383375168,1.3001051247119904,0,0
396,2026-04-21 06:19:07,123.78,123.78,0.0006852727383375168,1.3001051247119904,0,0
397,2026-04-21 06:19:12,123.78,123.78,0.0006852727383375168,1.3001051247119904,0,0
398,2026-04-21 06:19:17,123.78,123.78,0.0006852727383375168,1.3001051247119904,0,0
399,2026-04-21 06:19:22,123.78,123.78,0.0006852727383375168,1.3001051247119904,0,0
400,2026-04-21 06:19:27,123.78,123.78,0.0006852727383375168,1.3001051247119904,0,0
401,2026-04-21 06:19:32,123.78,123.78,0.0006852727383375168,1.3001051247119904,0,0
402,2026-04-21 06:19:37,123.78,123.78,0.0006852727383375168,1.3001051247119904,0,0
403,2026-04-21 06:19:42,123.78,123.78,0.0006852727383375168,1.3001051247119904,0,0
404,2026-04-21 06:19:47,123.78,123.78,0.0006852727383375168,1.3001051247119904,0,0
405,2026-04-21 06:19:53,123.78,123.78,0.0006852727383375168,1.3001051247119904,0,0
406,2026-04-21 06:19:58,123.78,123.78,0.0006852727383375168,1.3001051247119904,0,0
407,2026-04-21 06:20:03,123.78,123.78,0.0006852727383375168,1.3001051247119904,0,0
408,2026-04-21 06:20:08,123.78,123.78,0.0006852727383375168,1.3001051247119904,0,0
409,2026-04-21 06:20:13,123.78,123.78,0.0006852727383375168,1.3001051247119904,0,0
410,2026-04-21 06:20:18,123.78,123.78,0.0006852727383375168,1.3001051247119904,0,0
411,2026-04-21 06:20:23,123.78,123.78,0.0006852727383375168,1.3001051247119904,0,0
412,2026-04-21 06:20:28,123.78,123.78,0.0006852727383375168,1.3001051247119904,0,0
413,2026-04-21 06:20:33,123.78,123.78,0.0006852727383375168,1.3001051247119904,0,0
414,2026-04-21 06:20:38,123.78,123.78,0.0006852727383375168,1.3001051247119904,0,0
415,2026-04-21 06:20:43,123.78,123.78,0.0006852727383375168,1.3001051247119904,0,0
416,2026-04-21 06:20:49,123.78,123.78,0.0006852727383375168,1.3001051247119904,0,0
417,2026-04-21 06:20:54,123.78,123.78,0.0006852727383375168,1.3001051247119904,0,0
418,2026-04-21 06:20:59,123.78,123.78,0.0006852727383375168,1.3001051247119904,0,0
419,2026-04-21 06:21:04,123.78,123.78,0.0006852727383375168,1.3001051247119904,0,0
420,2026-04-21 06:21:09,123.78,123.78,0.0006852727383375168,1.3001051247119904,0,0
421,2026-04-21 06:21:14,123.78,123.78,0.0006852727383375168,1.3001051247119904,0,0
422,2026-04-21 06:21:19,123.78,123.78,0.0006852727383375168,1.3001051247119904,0,0
423,2026-04-21 06:21:24,123.78,123.78,0.0006852727383375168,1.3001051247119904,0,0
424,2026-04-21 06:21:29,123.78,123.78,0.0006852727383375168,1.3001051247119904,0,0
425,2026-04-21 06:21:34,123.78,123.78,0.0006852727383375168,1.3001051247119904,0,0
426,2026-04-21 06:21:39,123.78,123.78,0.0006852727383375168,1.3001051247119904,0,0
427,2026-04-21 06:21:44,123.78,123.78,0.0006852727383375168,1.3001051247119904,0,0
428,2026-04-21 06:21:49,123.78,123.78,0.0006852727383375168,1.3001051247119904,0,0
429,2026-04-21 06:21:55,123.78,123.78,0.0006852727383375168,1.3001051247119904,0,0
430,2026-04-21 06:22:00,123.78,123.78,0.0006852727383375168,1.3001051247119904,0,0
431,2026-04-21 06:22:05,123.78,123.78,0.0006852727383375168,1.3001051247119904,0,0
432,2026-04-21 06:22:10,123.78,123.78,0.0006852727383375168,1.3001051247119904,0,0
433,2026-04-21 06:22:15,123.78,123.78,0.0006852727383375168,1.3001051247119904,0,0
434,2026-04-21 06:22:20,123.78,123.78,0.0006852727383375168,1.3001051247119904,0,0
435,2026-04-21 06:22:25,123.78,123.78,0.0006852727383375168,1.3001051247119904,0,0
436,2026-04-21 06:22:30,123.78,123.78,0.0006852727383375168,1.3001051247119904,0,0
437,2026-04-21 06:22:35,123.78,123.78,0.0006852727383375168,1.3001051247119904,0,0
438,2026-04-21 06:22:40,123.78,123.78,0.0006852727383375168,1.3001051247119904,0,0
439,2026-04-21 06:22:45,123.78,123.78,0.0006852727383375168,1.3001051247119904,0,0
440,2026-04-21 06:22:50,123.78,123.78,0.0006852727383375168,1.3001051247119904,0,0
441,2026-04-21 06:22:56,123.78,123.78,0.0006852727383375168,1.3001051247119904,0,0
442,2026-04-21 06:23:01,123.78,123.78,0.0006852727383375168,1.3001051247119904,0,0
443,2026-04-21 06:23:06,123.78,123.78,0.0006852727383375168,1.3001051247119904,0,0
444,2026-04-21 06:23:11,123.78,123.78,0.0006852727383375168,1.3001051247119904,0,0
445,2026-04-21 06:23:16,123.78,123.78,0.0006852727383375168,1.3001051247119904,0,0
446,2026-04-21 06:23:21,123.78,123.78,0.0006852727383375168,1.3001051247119904,0,0
447,2026-04-21 06:23:26,123.78,123.78,0.0006852727383375168,1.3001051247119904,0,0
448,2026-04-21 06:23:31,123.78,123.78,0.0006852727383375168,1.3001051247119904,0,0
449,2026-04-21 06:23:36,123.78,123.78,0.0006852727383375168,1.3001051247119904,0,0
450,2026-04-21 06:23:41,123.78,123.78,0.0006852727383375168,1.3001051247119904,0,0
451,2026-04-21 06:23:46,123.78,123.78,0.0006852727383375168,1.3001051247119904,0,0
452,2026-04-21 06:23:51,123.78,123.78,0.0006852727383375168,1.3001051247119904,0,0
453,2026-04-26 13:31:33,133.402,220.0,4.140603542327881,1.3001051247119904,1,1
454,2026-04-26 13:31:38,143.024,220.0,7.969576358795166,1.3001051247119904,1,1
455,2026-04-26 13:31:43,152.64600000000002,220.0,11.825433731079102,1.3001051247119904,1,1
456,2026-04-26 13:31:48,152.992,220.0,11.894007682800293,1.3001051247119904,1,1
457,2026-04-26 13:31:53,152.949,220.0,11.955526351928711,1.3001051247119904,1,1
458,2026-04-26 13:31:58,153.102,220.0,12.021698951721191,1.3001051247119904,1,1
459,2026-04-26 13:32:03,151.95,220.0,12.350942611694336,1.3001051247119904,1,1
460,2026-04-26 13:32:09,152.38400000000001,220.0,12.396909713745117,1.3001051247119904,1,1
461,2026-04-26 13:32:14,152.48399999999998,220.0,12.55319881439209,1.3001051247119904,1,1
462,2026-04-26 13:32:19,151.65,220.0,13.114913940429688,1.3001051247119904,1,1
463,2026-04-26 13:32:24,142.505,220.0,9.266396522521973,1.3001051247119904,1,1
464,2026-04-26 13:32:29,132.41199999999998,220.0,5.488677978515625,1.3001051247119904,1,1
465,2026-04-26 13:32:34,122.258,128.55,0.7414684891700745,1.3001051247119904,0,0
466,2026-04-26 13:32:39,121.748,128.55,0.7332832217216492,1.3001051247119904,0,0
467,2026-04-26 13:32:44,121.44500000000001,128.55,0.7858628630638123,1.3001051247119904,0,0
468,2026-04-26 13:32:49,120.90400000000002,128.55,0.6668988466262817,1.3001051247119904,0,0
469,2026-04-26 13:32:54,121.53,128.55,0.5046901702880859,1.3001051247119904,0,0
470,2026-04-26 13:32:59,119.806,128.55,0.5461536645889282,1.3001051247119904,0,0
471,2026-04-26 13:33:04,118.92,128.55,0.5826705694198608,1.3001051247119904,0,0
472,2026-04-26 13:33:10,119.48299999999999,128.55,0.43724191188812256,1.3001051247119904,0,0
473,2026-04-26 13:33:15,119.071,124.43,0.5078856348991394,1.3001051247119904,0,0
474,2026-04-26 13:33:20,118.96100000000001,124.43,0.575049638748169,1.3001051247119904,0,0
475,2026-04-26 13:33:25,118.93800000000002,124.43,0.6796095371246338,1.3001051247119904,0,0
476,2026-04-26 13:33:30,118.09,124.43,0.7016078233718872,1.3001051247119904,0,0
477,2026-04-26 13:33:35,118.941,128.83,0.7152149081230164,1.3001051247119904,0,0
478,2026-04-26 13:33:40,118.899,128.83,0.7301854491233826,1.3001051247119904,0,0
479,2026-04-26 13:33:45,119.891,128.83,0.8304790258407593,1.3001051247119904,0,0
480,2026-04-26 13:33:50,121.05,128.83,0.6761408448219299,1.3001051247119904,0,0
481,2026-04-26 13:33:55,121.06899999999999,128.83,0.6900408864021301,1.3001051247119904,0,0
482,2026-04-26 13:34:00,120.91299999999998,128.83,0.5986126065254211,1.3001051247119904,0,0
483,2026-04-26 13:34:05,121.25,128.83,0.5817866921424866,1.3001051247119904,0,0
484,2026-04-26 13:34:11,120.68699999999998,128.83,0.5984886884689331,1.3001051247119904,0,0
485,2026-04-26 13:34:16,121.31899999999999,128.83,0.4775297939777374,1.3001051247119904,0,0
486,2026-04-26 13:34:21,121.81800000000001,128.83,0.4077107012271881,1.3001051247119904,0,0
487,2026-04-26 13:34:26,120.50700000000002,128.44,0.46816009283065796,1.3001051247119904,0,0
488,2026-04-26 13:34:31,121.083,128.44,0.6506132483482361,1.3001051247119904,0,0
489,2026-04-26 13:34:36,119.511,127.8,0.6288453936576843,1.3001051247119904,0,0
490,2026-04-26 13:34:41,119.00099999999998,127.8,0.5808802843093872,1.3001051247119904,0,0
491,2026-04-26 13:34:46,119.595,127.8,0.5951052904129028,1.3001051247119904,0,0
492,2026-04-26 13:34:51,119.94199999999998,127.8,0.625106155872345,1.3001051247119904,0,0
493,2026-04-26 13:34:56,118.44699999999997,125.24,0.6842042803764343,1.3001051247119904,0,0
494,2026-04-26 13:35:01,119.09799999999998,125.24,0.7359155416488647,1.3001051247119904,0,0
495,2026-04-26 13:35:06,117.835,125.24,0.7107663750648499,1.3001051247119904,0,0
496,2026-04-26 13:35:11,118.28900000000002,125.24,0.8160539865493774,1.3001051247119904,0,0
497,2026-04-26 13:35:17,118.61300000000001,125.24,0.6596051454544067,1.3001051247119904,0,0
498,2026-04-26 13:35:22,118.01000000000002,123.19,0.43335044384002686,1.3001051247119904,0,0
499,2026-04-26 13:35:27,119.08899999999998,123.51,0.4239334464073181,1.3001051247119904,0,0
500,2026-04-26 13:35:32,120.00399999999999,126.52,0.42759382724761963,1.3001051247119904,0,0
501,2026-04-26 13:35:37,119.38900000000001,126.52,0.42334631085395813,1.3001051247119904,0,0
502,2026-04-26 13:35:42,118.93500000000002,126.52,0.41273847222328186,1.3001051247119904,0,0
503,2026-04-26 13:35:47,120.607,129.57,0.42045024037361145,1.3001051247119904,0,0
504,2026-04-26 13:35:52,120.425,129.57,0.3990039825439453,1.3001051247119904,0,0
505,2026-04-26 13:35:57,121.234,129.57,0.41361600160598755,1.3001051247119904,0,0
506,2026-04-26 13:36:02,121.176,129.57,0.46804940700531006,1.3001051247119904,0,0
507,2026-04-26 13:36:07,121.95599999999999,129.57,0.47986525297164917,1.3001051247119904,0,0
508,2026-04-26 13:36:12,122.56400000000001,129.57,0.7141417264938354,1.3001051247119904,0,0
509,2026-04-26 13:36:17,121.71700000000001,129.57,0.7804868817329407,1.3001051247119904,0,0
510,2026-04-26 13:36:22,120.4,129.57,0.8568412661552429,1.3001051247119904,0,0
511,2026-04-26 13:36:28,121.755,129.57,0.910572350025177,1.3001051247119904,0,0
512,2026-04-26 13:36:33,122.721,129.57,0.8042947053909302,1.3001051247119904,0,0
513,2026-04-26 13:36:38,122.68599999999999,129.45,0.6395653486251831,1.3001051247119904,0,0
514,2026-04-26 13:36:43,123.604,129.45,0.740277886390686,1.3001051247119904,0,0
515,2026-04-26 13:36:48,123.596,129.45,0.7416031956672668,1.3001051247119904,0,0
516,2026-04-26 13:36:53,123.03300000000002,129.45,0.9116458296775818,1.3001051247119904,0,0
517,2026-04-26 13:36:58,122.51499999999999,129.45,0.7978443503379822,1.3001051247119904,0,0
518,2026-04-26 13:37:03,122.451,129.45,0.8450379967689514,1.3001051247119904,0,0
519,2026-04-26 13:37:08,123.397,129.45,0.837969958782196,1.3001051247119904,0,0
520,2026-04-26 13:37:13,124.523,129.45,0.7229166626930237,1.3001051247119904,0,0
521,2026-04-26 13:37:18,122.651,129.22,0.7573116421699524,1.3001051247119904,0,0
522,2026-04-26 13:37:24,122.172,129.22,0.7124038338661194,1.3001051247119904,0,0
523,2026-04-26 13:37:29,120.255,126.21,1.101664423942566,1.3001051247119904,0,0
524,2026-04-26 13:37:34,120.09900000000002,124.65,0.7829240560531616,1.3001051247119904,0,0
525,2026-04-26 13:37:39,120.513,124.65,0.8635717034339905,1.3001051247119904,0,0
526,2026-04-26 13:37:44,119.944,124.65,0.94593346118927,1.3001051247119904,0,0
527,2026-04-26 13:37:49,120.13000000000002,124.65,1.0026742219924927,1.3001051247119904,0,0
528,2026-04-26 13:37:54,120.244,125.79,0.817055881023407,1.3001051247119904,0,0
529,2026-04-26 13:37:59,119.578,125.79,0.6745041608810425,1.3001051247119904,0,0
530,2026-04-26 13:38:04,119.63100000000001,125.79,0.6738860607147217,1.3001051247119904,0,0
531,2026-04-26 13:38:09,121.069,125.79,0.7641255855560303,1.3001051247119904,0,0
532,2026-04-26 13:38:14,120.39799999999998,125.79,0.7809038162231445,1.3001051247119904,0,0
533,2026-04-26 13:38:19,121.93200000000002,125.79,0.5707977414131165,1.3001051247119904,0,0
534,2026-04-26 13:38:25,120.691,125.79,0.5329990983009338,1.3001051247119904,0,0
535,2026-04-26 13:38:30,120.06999999999998,125.79,0.5543172955513,1.3001051247119904,0,0
536,2026-04-26 13:38:35,120.064,125.79,0.4889737367630005,1.3001051247119904,0,0
537,2026-04-26 13:38:40,119.66600000000001,125.79,0.44172778725624084,1.3001051247119904,0,0
538,2026-04-26 13:38:45,118.44200000000001,125.39,0.5519066452980042,1.3001051247119904,0,0
539,2026-04-26 13:38:50,117.98299999999999,125.39,0.6051568388938904,1.3001051247119904,0,0
540,2026-04-26 13:38:55,118.21300000000001,127.44,0.7324119806289673,1.3001051247119904,0,0
541,2026-04-26 13:39:00,117.82000000000001,127.44,0.6083764433860779,1.3001051247119904,0,0
542,2026-04-26 13:39:05,118.85800000000002,127.44,0.6442073583602905,1.3001051247119904,0,0
543,2026-04-26 13:39:10,119.297,129.78,0.7100133895874023,1.3001051247119904,0,0
544,2026-04-26 13:39:15,119.397,129.78,0.7627370953559875,1.3001051247119904,0,0
545,2026-04-26 13:39:20,119.428,129.78,0.7580598592758179,1.3001051247119904,0,0
546,2026-04-26 13:39:25,120.482,129.78,0.7809473276138306,1.3001051247119904,0,0
547,2026-04-26 13:39:31,120.37199999999999,129.78,0.780547559261322,1.3001051247119904,0,0
548,2026-04-26 13:39:36,121.84699999999998,129.78,0.7868976593017578,1.3001051247119904,0,0
549,2026-04-26 13:39:41,122.982,129.78,0.6731515526771545,1.3001051247119904,0,0
550,2026-04-26 13:39:46,122.06899999999999,129.78,0.4880561828613281,1.3001051247119904,0,0
551,2026-04-26 13:39:51,121.951,129.78,0.5611835718154907,1.3001051247119904,0,0
552,2026-04-26 13:39:56,120.731,129.78,0.5788704752922058,1.3001051247119904,0,0
553,2026-04-26 13:40:01,119.51500000000001,128.3,0.6631704568862915,1.3001051247119904,0,0
554,2026-04-26 13:40:06,120.56899999999999,128.3,0.6849798560142517,1.3001051247119904,0,0
555,2026-04-26 13:40:11,121.269,128.3,0.5373245477676392,1.3001051247119904,0,0
556,2026-04-26 13:40:16,121.46100000000001,128.3,0.49879854917526245,1.3001051247119904,0,0
557,2026-04-26 13:40:21,120.958,128.3,0.5985804200172424,1.3001051247119904,0,0
558,2026-04-26 13:40:26,120.934,128.06,0.6713283658027649,1.3001051247119904,0,0
559,2026-04-26 13:40:31,119.51100000000001,128.06,0.7197586297988892,1.3001051247119904,0,0
560,2026-04-26 13:40:37,118.97000000000003,128.06,0.7710253000259399,1.3001051247119904,0,0
561,2026-04-26 13:40:42,118.31700000000001,128.06,0.8324745297431946,1.3001051247119904,0,0
562,2026-04-26 13:40:47,118.06799999999998,128.06,0.8617515563964844,1.3001051247119904,0,0
563,2026-04-26 13:40:52,118.252,128.06,0.9103280305862427,1.3001051247119904,0,0
564,2026-04-26 13:40:57,117.107,128.06,1.1480213403701782,1.3001051247119904,0,0
565,2026-04-26 13:41:02,116.01399999999998,128.06,1.301906704902649,1.3001051247119904,0,0
566,2026-04-26 13:41:07,114.958,128.06,1.2407375574111938,1.3001051247119904,0,0
567,2026-04-26 13:41:12,115.269,128.06,1.039963960647583,1.3001051247119904,0,0
568,2026-04-26 13:41:17,113.96799999999999,119.46,0.6771818995475769,1.3001051247119904,0,0
569,2026-04-26 13:41:22,115.451,125.2,0.6148294806480408,1.3001051247119904,0,0
570,2026-04-26 13:41:28,116.82399999999998,126.63,0.7051001787185669,1.3001051247119904,0,0
571,2026-04-26 13:41:33,117.29400000000001,126.63,0.7260532379150391,1.3001051247119904,0,0
572,2026-04-26 13:41:38,117.57900000000002,126.63,0.749306321144104,1.3001051247119904,0,0
573,2026-04-26 13:41:43,117.516,126.63,0.6703236103057861,1.3001051247119904,0,0
574,2026-04-26 13:41:48,119.022,127.39,0.6611929535865784,1.3001051247119904,0,0
575,2026-04-26 13:41:53,120.06800000000001,127.39,0.5106260180473328,1.3001051247119904,0,0
576,2026-04-26 13:41:58,119.992,127.39,0.6422193646430969,1.3001051247119904,0,0
577,2026-04-26 13:42:03,121.165,128.17,0.7837902903556824,1.3001051247119904,0,0
578,2026-04-26 13:42:08,121.404,128.17,0.8379191160202026,1.3001051247119904,0,0
579,2026-04-26 13:42:13,120.55999999999999,128.17,0.7684011459350586,1.3001051247119904,0,0
580,2026-04-26 13:42:18,118.926,128.17,0.749864935874939,1.3001051247119904,0,0
581,2026-04-26 13:42:23,120.00699999999999,128.98,0.8217610120773315,1.3001051247119904,1,0
582,2026-04-26 13:42:29,119.57499999999997,128.98,0.8797038793563843,1.3001051247119904,1,0
583,2026-04-26 13:42:34,119.335,128.98,0.7631698250770569,1.3001051247119904,1,0
584,2026-04-26 13:42:39,117.94200000000001,128.98,0.5243592262268066,1.3001051247119904,1,0
585,2026-04-26 13:42:44,116.532,128.98,0.5764903426170349,1.3001051247119904,1,0
586,2026-04-26 13:42:49,117.56999999999998,128.98,0.5015112161636353,1.3001051247119904,1,0
587,2026-04-26 13:42:54,117.45599999999999,128.98,0.4010750651359558,1.3001051247119904,1,0
588,2026-04-26 13:42:59,118.55,128.98,0.49120432138442993,1.3001051247119904,1,0
589,2026-04-26 13:43:04,119.332,128.98,0.4742507040500641,1.3001051247119904,1,0
590,2026-04-26 13:43:09,119.34,128.98,0.7015478610992432,1.3001051247119904,0,0
591,2026-04-26 13:43:14,118.226,128.38,0.890086829662323,1.3001051247119904,0,0
592,2026-04-26 13:43:19,119.28200000000001,128.38,0.8833341598510742,1.3001051247119904,0,0
593,2026-04-26 13:43:24,120.14799999999998,128.38,0.8336049914360046,1.3001051247119904,0,0
594,2026-04-26 13:43:30,121.322,128.38,0.7333786487579346,1.3001051247119904,0,0
595,2026-04-26 13:43:35,122.662,128.38,0.7002058029174805,1.3001051247119904,0,0
596,2026-04-26 13:43:40,122.36899999999999,128.38,0.5796229243278503,1.3001051247119904,0,0
597,2026-04-26 13:43:45,120.804,128.38,0.5931098461151123,1.3001051247119904,0,0
598,2026-04-26 13:43:50,118.97499999999998,125.2,0.6198854446411133,1.3001051247119904,0,0
599,2026-04-26 13:43:55,118.89799999999998,125.2,0.7231155037879944,1.3001051247119904,0,0
600,2026-04-26 13:44:00,120.78399999999999,129.23,0.8651195764541626,1.3001051247119904,0,0
601,2026-04-26 13:44:05,120.44200000000001,129.23,0.6386913657188416,1.3001051247119904,0,0
602,2026-04-26 13:44:10,119.975,129.23,0.7257053852081299,1.3001051247119904,0,0
603,2026-04-26 13:44:15,118.97299999999998,129.23,0.9162597060203552,1.3001051247119904,0,0
604,2026-04-26 13:44:20,118.79099999999998,129.23,1.025762915611267,1.3001051247119904,0,0
605,2026-04-26 13:44:25,117.463,129.23,1.1046358346939087,1.3001051247119904,0,0
606,2026-04-26 13:44:31,117.01499999999999,129.23,1.278684377670288,1.3001051247119904,0,0
607,2026-04-26 13:44:36,117.731,129.23,0.9160827994346619,1.3001051247119904,0,0
608,2026-04-26 13:44:41,118.311,129.23,0.9383231997489929,1.3001051247119904,0,0
609,2026-04-26 13:44:46,118.43599999999999,129.23,0.8211688995361328,1.3001051247119904,0,0
610,2026-04-26 13:44:51,116.56899999999999,125.06,0.6293483972549438,1.3001051247119904,0,0
611,2026-04-26 13:44:56,116.44500000000001,125.06,0.5441471934318542,1.3001051247119904,0,0
612,2026-04-26 13:45:01,117.229,125.06,0.6600290536880493,1.3001051247119904,0,0
613,2026-04-26 13:45:06,117.225,125.06,0.6299614310264587,1.3001051247119904,0,0
614,2026-04-26 13:45:11,115.90400000000002,125.06,0.6120159029960632,1.3001051247119904,0,0
615,2026-04-26 13:45:16,117.703,128.71,0.6110407114028931,1.3001051247119904,1,0
616,2026-04-26 13:45:21,118.377,128.71,0.6414972543716431,1.3001051247119904,1,0
617,2026-04-26 13:45:26,119.08,128.71,0.6228570938110352,1.3001051247119904,1,0
618,2026-04-26 13:45:32,118.519,128.71,0.6121852993965149,1.3001051247119904,1,0
619,2026-04-26 13:45:37,117.77599999999998,128.71,0.8265467882156372,1.3001051247119904,1,0
620,2026-04-26 13:45:42,118.39299999999999,128.71,0.6058942079544067,1.3001051247119904,1,0
621,2026-04-26 13:45:47,118.89000000000001,128.71,0.5963135361671448,1.3001051247119904,1,0
622,2026-04-26 13:45:52,118.05400000000002,128.71,0.6955108046531677,1.3001051247119904,1,0
623,2026-04-26 13:45:57,118.96900000000001,128.71,0.6566571593284607,1.3001051247119904,1,0
624,2026-04-26 13:46:02,119.776,128.71,0.7207797765731812,1.3001051247119904,0,0
625,2026-04-26 13:46:07,119.9,129.95,0.9800114035606384,1.3001051247119904,0,0
626,2026-04-26 13:46:12,120.40800000000002,129.95,0.9846789836883545,1.3001051247119904,0,0
627,2026-04-26 13:46:17,120.155,129.95,1.1921435594558716,1.3001051247119904,0,0
628,2026-04-26 13:46:22,121.27799999999999,129.95,1.1667227745056152,1.3001051247119904,0,0
629,2026-04-26 13:46:28,120.625,129.95,1.1659036874771118,1.3001051247119904,0,0
630,2026-04-26 13:46:33,121.859,129.95,1.3313161134719849,1.3001051247119904,1,1
631,2026-04-26 13:46:38,121.28,129.95,1.2477344274520874,1.3001051247119904,1,0
632,2026-04-26 13:46:43,122.181,129.95,1.1571229696273804,1.3001051247119904,1,0
633,2026-04-26 13:46:48,121.51000000000002,129.95,1.159729242324829,1.3001051247119904,1,0
634,2026-04-26 13:46:53,120.989,129.95,1.175445795059204,1.3001051247119904,1,0
635,2026-04-26 13:46:58,120.38500000000002,129.07,1.0826338529586792,1.3001051247119904,1,0
636,2026-04-26 13:47:03,118.98800000000001,129.07,0.9447742700576782,1.3001051247119904,1,0
637,2026-04-26 13:47:08,118.00500000000002,129.07,0.7843310832977295,1.3001051247119904,1,0
638,2026-04-26 13:47:13,117.64500000000001,129.07,0.7917643785476685,1.3001051247119904,1,0
639,2026-04-26 13:47:18,118.70200000000003,129.07,0.7820911407470703,1.3001051247119904,0,0
640,2026-04-26 13:47:23,118.093,125.2,0.6566510796546936,1.3001051247119904,0,0
641,2026-04-26 13:47:29,119.16900000000001,125.2,0.910129964351654,1.3001051247119904,0,0
642,2026-04-26 13:47:34,117.684,123.91,0.6178634762763977,1.3001051247119904,0,0
643,2026-04-26 13:47:39,116.96,123.91,0.5943611264228821,1.3001051247119904,0,0
644,2026-04-26 13:47:44,118.471,128.14,0.6797195672988892,1.3001051247119904,1,0
645,2026-04-26 13:47:49,118.21799999999999,128.14,0.6923043727874756,1.3001051247119904,1,0
646,2026-04-26 13:47:54,119.596,128.14,0.6969141364097595,1.3001051247119904,1,0
647,2026-04-26 13:47:59,120.54400000000001,128.14,0.6953150629997253,1.3001051247119904,1,0
648,2026-04-26 13:48:04,120.479,128.14,0.6522271633148193,1.3001051247119904,1,0
649,2026-04-26 13:48:09,121.001,128.14,0.7217845320701599,1.3001051247119904,1,0
650,2026-04-26 13:48:14,120.521,128.14,0.7925049066543579,1.3001051247119904,1,0
651,2026-04-26 13:48:19,120.91399999999999,128.14,0.7988559603691101,1.3001051247119904,1,0
652,2026-04-26 13:48:24,121.088,128.14,0.7928930521011353,1.3001051247119904,1,0
653,2026-04-26 13:48:30,122.24399999999999,128.14,0.8721082210540771,1.3001051247119904,0,0
654,2026-04-26 13:48:35,122.17699999999999,127.47,0.7955045104026794,1.3001051247119904,0,0
655,2026-04-26 13:48:40,122.78500000000001,127.47,0.7648730874061584,1.3001051247119904,0,0
656,2026-04-26 13:48:45,122.207,127.47,0.8053690791130066,1.3001051247119904,0,0
657,2026-04-26 13:48:50,121.85900000000001,127.47,0.8316690921783447,1.3001051247119904,0,0
658,2026-04-26 13:48:55,122.011,127.47,0.8990628719329834,1.3001051247119904,0,0
659,2026-04-26 13:49:00,121.54400000000001,127.47,0.9544512629508972,1.3001051247119904,0,0
660,2026-04-26 13:49:05,122.048,127.47,0.7828420996665955,1.3001051247119904,0,0
661,2026-04-26 13:49:10,121.225,127.47,0.7806198000907898,1.3001051247119904,0,0
662,2026-04-26 13:49:15,122.42099999999998,127.47,0.8609160780906677,1.3001051247119904,0,0
663,2026-04-26 13:49:21,121.80699999999999,127.47,0.8921953439712524,1.3001051247119904,0,0
664,2026-04-26 13:49:26,120.194,127.46,0.946576714515686,1.3001051247119904,0,0
665,2026-04-26 13:49:31,120.282,128.34,1.1830180883407593,1.3001051247119904,1,0
666,2026-04-26 13:49:36,120.707,128.34,1.1243528127670288,1.3001051247119904,1,0
667,2026-04-26 13:49:41,121.707,129.21,1.2204188108444214,1.3001051247119904,1,0
668,2026-04-26 13:49:46,122.53399999999999,129.21,1.0629494190216064,1.3001051247119904,1,0
669,2026-04-26 13:49:51,122.042,129.21,0.9509086608886719,1.3001051247119904,1,0
670,2026-04-26 13:49:56,121.429,129.21,0.9428303241729736,1.3001051247119904,1,0
671,2026-04-26 13:50:01,120.59400000000001,129.21,0.845560610294342,1.3001051247119904,1,0
672,2026-04-26 13:50:06,119.86499999999998,129.21,0.7103357315063477,1.3001051247119904,1,0
673,2026-04-26 13:50:11,120.16,129.21,0.6869876980781555,1.3001051247119904,1,0
674,2026-04-26 13:50:17,121.888,129.21,0.5475812554359436,1.3001051247119904,0,0
675,2026-04-26 13:50:22,120.922,129.21,0.4295344352722168,1.3001051247119904,0,0
676,2026-04-26 13:50:27,120.463,129.21,0.4551953077316284,1.3001051247119904,0,0
677,2026-04-26 13:50:32,118.77199999999998,128.62,0.5169045925140381,1.3001051247119904,0,0
678,2026-04-26 13:50:37,117.50800000000001,128.62,0.5238163471221924,1.3001051247119904,0,0
679,2026-04-26 13:50:42,118.44099999999999,128.62,0.46750783920288086,1.3001051247119904,0,0
680,2026-04-26 13:50:47,119.52900000000002,128.62,0.488022118806839,1.3001051247119904,0,0
681,2026-04-26 13:50:52,121.43599999999999,129.54,0.47672030329704285,1.3001051247119904,0,0
682,2026-04-26 13:50:57,122.38,129.54,0.6276399493217468,1.3001051247119904,0,0
683,2026-04-26 13:51:02,122.21700000000001,129.54,0.35656917095184326,1.3001051247119904,0,0
684,2026-04-26 13:51:07,120.65,129.54,0.5564712285995483,1.3001051247119904,0,0
685,2026-04-26 13:51:12,121.424,129.54,0.5679095983505249,1.3001051247119904,0,0
686,2026-04-26 13:51:18,120.62800000000001,129.54,0.6158711910247803,1.3001051247119904,0,0
687,2026-04-26 13:51:23,120.68499999999999,129.54,0.8423411846160889,1.3001051247119904,0,0
688,2026-04-26 13:51:28,121.351,129.54,0.9000551700592041,1.3001051247119904,0,0
689,2026-04-26 13:51:33,121.59199999999998,129.54,0.9690296649932861,1.3001051247119904,0,0
690,2026-04-26 13:51:38,120.42999999999999,129.54,0.971383810043335,1.3001051247119904,0,0
691,2026-04-26 13:51:43,119.31500000000001,129.04,1.0362194776535034,1.3001051247119904,0,0
692,2026-04-26 13:51:48,118.026,129.04,0.9691082835197449,1.3001051247119904,0,0
693,2026-04-26 13:51:53,118.64099999999999,129.04,1.0677151679992676,1.3001051247119904,0,0
694,2026-04-26 13:51:58,119.976,129.04,0.997832715511322,1.3001051247119904,0,0
695,2026-04-26 13:52:03,119.598,129.04,1.0904313325881958,1.3001051247119904,0,0
696,2026-04-26 13:52:08,119.869,129.04,1.1440070867538452,1.3001051247119904,0,0
697,2026-04-26 13:52:13,120.674,129.04,1.1523462533950806,1.3001051247119904,0,0
698,2026-04-26 13:52:19,121.13200000000002,129.04,0.9232603907585144,1.3001051247119904,0,0
699,2026-04-26 13:52:24,119.494,126.3,0.7754742503166199,1.3001051247119904,0,0
700,2026-04-26 13:52:29,119.11200000000001,126.3,0.8649463057518005,1.3001051247119904,0,0
701,2026-04-26 13:52:34,119.83399999999999,126.3,0.8617069721221924,1.3001051247119904,0,0
702,2026-04-26 13:52:39,120.734,126.3,0.8099471926689148,1.3001051247119904,0,0
703,2026-04-26 13:52:44,119.64500000000001,126.3,0.9208594560623169,1.3001051247119904,0,0
704,2026-04-26 13:52:49,118.676,125.65,0.8468485474586487,1.3001051247119904,0,0
705,2026-04-26 13:52:54,119.303,128.91,0.945351243019104,1.3001051247119904,0,0
706,2026-04-26 13:52:59,119.303,128.91,0.8851247429847717,1.3001051247119904,0,0
707,2026-04-26 13:53:04,118.535,128.91,0.7296842336654663,1.3001051247119904,0,0
708,2026-04-26 13:53:09,118.054,128.91,0.7935459613800049,1.3001051247119904,0,0
709,2026-04-26 13:53:15,118.627,128.91,0.8249959349632263,1.3001051247119904,0,0
710,2026-04-26 13:53:20,119.739,128.91,0.7457491755485535,1.3001051247119904,0,0
711,2026-04-26 13:53:25,118.94000000000001,128.91,0.7163713574409485,1.3001051247119904,0,0
712,2026-04-26 13:53:30,118.40300000000002,128.91,0.8901644349098206,1.3001051247119904,0,0
713,2026-04-26 13:53:35,118.41599999999998,128.91,0.8527906537055969,1.3001051247119904,0,0
714,2026-04-26 13:53:40,118.734,128.91,0.8630902767181396,1.3001051247119904,0,0
715,2026-04-26 13:53:45,118.647,128.04,0.7190309762954712,1.3001051247119904,0,0
716,2026-04-26 13:53:50,118.68100000000001,128.04,0.917604386806488,1.3001051247119904,0,0
717,2026-04-26 13:53:55,120.26599999999999,129.09,1.1037546396255493,1.3001051247119904,0,0
718,2026-04-26 13:54:00,119.88199999999999,129.09,0.82356196641922,1.3001051247119904,0,0
719,2026-04-26 13:54:05,120.5,129.09,0.9714513421058655,1.3001051247119904,0,0
720,2026-04-26 13:54:10,119.66099999999999,129.09,0.829865038394928,1.3001051247119904,0,0
721,2026-04-26 13:54:15,119.76199999999999,129.09,0.811848521232605,1.3001051247119904,0,0
722,2026-04-26 14:09:22,119.92999999999998,129.09,0.781217634677887,1.3001051247119904,0,0
723,2026-04-26 14:09:27,130.69400000000002,220.0,5.010350227355957,1.3001051247119904,1,1
724,2026-04-26 14:09:32,140.715,220.0,8.77604866027832,1.3001051247119904,1,1
725,2026-04-26 14:09:37,149.911,220.0,12.553604125976562,1.3001051247119904,1,1
726,2026-04-26 14:09:42,150.037,220.0,12.561585426330566,1.3001051247119904,1,1
727,2026-04-26 14:09:47,148.414,220.0,12.815713882446289,1.3001051247119904,1,1
728,2026-04-26 14:09:53,149.68,220.0,12.971911430358887,1.3001051247119904,1,1
729,2026-04-26 14:09:58,149.357,220.0,13.03587532043457,1.3001051247119904,1,1
730,2026-04-26 14:10:03,150.457,220.0,13.100434303283691,1.3001051247119904,1,1
731,2026-04-26 14:10:08,151.002,220.0,13.134026527404785,1.3001051247119904,1,1
732,2026-04-26 14:10:13,151.786,220.0,13.254050254821777,1.3001051247119904,1,1
733,2026-04-26 14:10:18,142.786,220.0,9.471835136413574,1.3001051247119904,1,1
734,2026-04-26 14:10:23,133.45800000000003,220.0,5.809988021850586,1.3001051247119904,1,1
735,2026-04-26 14:10:28,123.26399999999998,130.0,1.0536448955535889,1.3001051247119904,0,0
736,2026-04-26 14:10:33,122.998,130.0,1.151821255683899,1.3001051247119904,0,0
737,2026-04-26 14:10:38,124.345,130.0,1.0525673627853394,1.3001051247119904,0,0
738,2026-04-26 14:10:43,123.532,130.0,0.7410768270492554,1.3001051247119904,0,0
739,2026-04-26 14:10:48,123.763,130.0,0.859997570514679,1.3001051247119904,0,0
740,2026-04-26 14:10:54,123.36200000000001,130.0,0.8967443108558655,1.3001051247119904,0,0
741,2026-04-26 14:10:59,122.189,130.0,1.0581512451171875,1.3001051247119904,0,0
742,2026-04-26 14:11:04,120.826,130.0,1.2407207489013672,1.3001051247119904,0,0
743,2026-04-26 14:11:09,119.494,126.72,0.9890841841697693,1.3001051247119904,0,0
744,2026-04-26 14:11:14,118.50900000000001,126.33,0.7314637899398804,1.3001051247119904,0,0
745,2026-04-26 14:11:19,118.72100000000003,126.33,0.6441391706466675,1.3001051247119904,0,0
746,2026-04-26 14:11:24,118.91900000000001,126.33,0.6178544163703918,1.3001051247119904,0,0
747,2026-04-26 14:11:29,117.41,123.65,0.5844957828521729,1.3001051247119904,0,0
748,2026-04-26 14:11:34,117.571,123.65,0.49658825993537903,1.3001051247119904,0,0
749,2026-04-26 14:11:39,117.364,123.14,0.6190748810768127,1.3001051247119904,0,0
750,2026-04-26 14:11:44,116.39599999999999,123.14,0.6143683195114136,1.3001051247119904,0,0
751,2026-04-26 14:11:49,117.527,123.66,0.7518508434295654,1.3001051247119904,0,0
752,2026-04-26 14:11:55,118.33500000000001,123.66,0.55035799741745,1.3001051247119904,0,0
753,2026-04-26 14:12:00,118.01000000000002,123.66,0.782722532749176,1.3001051247119904,0,0
754,2026-04-26 14:12:05,118.26100000000001,123.66,0.8426838517189026,1.3001051247119904,0,0
755,2026-04-26 14:12:10,117.84499999999998,123.66,0.9987058043479919,1.3001051247119904,0,0
756,2026-04-26 14:12:15,119.03400000000002,128.41,1.0640788078308105,1.3001051247119904,0,0
757,2026-04-26 14:12:20,120.53300000000002,128.41,1.0720348358154297,1.3001051247119904,0,0
758,2026-04-26 14:12:25,121.202,129.83,1.0853756666183472,1.3001051247119904,0,0
759,2026-04-26 14:12:30,121.761,129.83,1.2995043992996216,1.3001051247119904,0,0
760,2026-04-26 14:12:35,123.322,129.83,1.3046174049377441,1.3001051247119904,0,0
761,2026-04-26 14:12:40,122.755,129.83,1.3426841497421265,1.3001051247119904,0,0
762,2026-04-26 14:12:45,123.098,129.83,1.3151860237121582,1.3001051247119904,0,0
763,2026-04-26 14:12:50,123.501,129.83,1.298418402671814,1.3001051247119904,0,0
764,2026-04-26 14:12:55,123.19800000000001,129.83,1.2542591094970703,1.3001051247119904,0,0
765,2026-04-26 14:13:01,123.231,129.83,1.1492959260940552,1.3001051247119904,0,0
766,2026-04-26 14:13:11,122.13,129.83,1.215541124343872,1.3001051247119904,0,0
767,2026-04-26 14:13:16,122.28900000000002,129.83,0.9353296756744385,1.3001051247119904,0,0
768,2026-04-26 14:13:22,131.30599999999998,220.0,4.98209285736084,1.3001051247119904,1,1
769,2026-04-26 14:13:27,140.589,220.0,8.646719932556152,1.3001051247119904,1,1
770,2026-04-26 14:13:32,149.77100000000002,220.0,12.461716651916504,1.3001051247119904,1,1
771,2026-04-26 14:13:37,150.581,220.0,12.339635848999023,1.3001051247119904,1,1
772,2026-04-26 14:13:42,150.05699999999996,220.0,12.428350448608398,1.3001051247119904,1,1
773,2026-04-26 14:13:47,149.313,220.0,12.609567642211914,1.3001051247119904,1,1
774,2026-04-26 14:13:52,149.828,220.0,12.616029739379883,1.3001051247119904,1,1
775,2026-04-26 14:13:57,150.969,220.0,12.695500373840332,1.3001051247119904,1,1
776,2026-04-26 14:14:02,152.005,220.0,12.626498222351074,1.3001051247119904,1,1
